timestamp,temp,pressure,humidity,wind_speed,weather_code
1750615200,20.43,1016,47,5.03,802
1750618800,17.55,1017,54,3.13,801
1750622400,15.5,1017,59,2.45,800
1750626000,14.82,1018,64,2.29,800
1750629600,12.39,1018,69,2.11,800
1750633200,10.73,1018,73,1.91,800
1750636800,10.17,1018,75,1.59,801
1750640400,9.06,1017,78,1.52,801
1750644000,8.5,1017,80,1.46,802
1750647600,7.95,1017,81,2.12,803
1750651200,9.06,1017,83,2,803
1750654800,11.28,1016,83,2.91,803
1750658400,15.17,1016,71,3.66,803
1750662000,17.39,1015,63,3.99,804
1750665600,19.06,1013,56,4.13,804
1750669200,20.73,1012,52,4.62,804
1750672800,21.84,1011,48,5.16,804
1750676400,23.5,1010,43,5.81,804
1750680000,24.61,1010,42,6.61,804
1750683600,25.17,1009,42,7.06,804
1750687200,26.68,1009,41,7.41,804
1750690800,25.73,1007,43,6.77,804
1750694400,25.32,1006,46,5.78,804
1750698000,24.9,1005,52,5.51,804
1750701600,23.36,1004,53,5.2,804
1750705200,22.95,1004,52,4.49,804
1750708800,20.49,1003,83,4.29,804
1750712400,19.59,1003,86,6.15,804
1750716000,18.54,1003,90,8.17,502
1750719600,19.06,1004,79,6.65,804
1750723200,19.06,1005,81,6.55,804
1750726800,18.5,1005,82,7.68,804
1750730400,17.39,1006,82,7.29,804
1750734000,13.77,1006,85,6.15,803
1750737600,14.61,1007,80,6.31,803
1750741200,15.17,1008,78,6.94,803
1750744800,15.73,1007,76,7.69,803
1750748400,16.84,1008,71,7.85,803
1750752000,17.39,1007,67,7.98,802
1750755600,18.5,1007,60,8.2,802
1750759200,19.06,1007,55,8.74,802
1750762800,19.06,1007,56,6.85,803
1750766400,19.61,1007,53,6.65,803
1750770000,19.61,1007,53,7.49,804
1750773600,19.61,1007,51,7.66,804
1750777200,19.61,1007,52,7.72,804
1750780800,19.61,1007,49,7.37,804
1750784400,19.06,1007,49,7.21,804
1750788000,18.5,1007,51,6.24,803
1750791600,17.95,1007,55,6.75,804
1750795200,17.39,1007,56,6.01,804
1750798800,16.28,1008,59,4.85,804
1750802400,15.73,1008,60,4.76,803
1750806000,15.17,1007,63,5.25,803
1750809600,14.61,1007,66,6.38,803
1750813200,14.61,1007,68,5.84,804
1750816800,14.61,1007,69,5.31,804
1750820400,14.61,1007,69,5.8,804
1750824000,15.17,1007,70,5.97,804
1750827600,15.73,1007,69,4.52,500
1750831200,15.73,1007,76,4.88,804
1750834800,14.61,1007,85,6.09,804
1750838400,15.73,1006,89,7.14,804
1750842000,17.39,1007,81,7.01,804
1750845600,18.5,1006,78,6.61,804
1750849200,19.61,1006,79,8.6,804
1750852800,21.28,1006,67,8.04,804
1750856400,20.73,1005,74,8.28,804
1750860000,21.89,1004,63,8.7,803
1750863600,24.4,1004,64,8.37,501
1750867200,20.14,1004,70,8.07,501
1750870800,17.39,1005,85,8.45,501
1750874400,16.84,1007,88,7.22,803
1750878000,15.73,1008,84,6.43,801
1750881600,15.17,1009,86,5.58,801
1750885200,14.06,1010,86,5.63,800
1750888800,13.5,1010,87,5.52,800
1750892400,12.95,1011,88,5.21,800
1750896000,12.95,1011,88,5.13,800
1750899600,12.39,1011,88,4.86,800
1750903200,12.39,1012,89,5.03,800
1750906800,12.95,1012,89,4.8,800
1750910400,12.95,1012,89,4.5,800
1750914000,13.5,1014,89,4.85,800
1750917600,15.17,1014,84,4.54,800
1750921200,16.28,1014,79,4.36,800
1750924800,17.39,1014,73,4.18,800
1750928400,19.06,1014,66,3.87,800
1750932000,20.17,1015,62,3.61,800
1750935600,21.28,1015,57,3.46,800
1750939200,22.39,1015,54,3.77,800
1750942800,23.5,1015,49,3.92,800
1750946400,25.17,1015,41,3.83,800
1750950000,23.5,1014,45,3.01,800
1750953600,24.33,1014,42,2.16,800
1750957200,23.22,1014,45,0.99,800
1750960800,21.24,1014,44,2.08,800
1750964400,19.8,1014,53,2.93,800
1750968000,18.73,1014,59,3.3,801
1750971600,17.39,1014,70,3.39,801
1750975200,16.28,1014,73,3.4,802
1750978800,16.28,1013,69,3.74,802
1750982400,16.84,1013,66,3.67,803
1750986000,16.84,1012,67,3.89,804
1750989600,16.84,1012,70,4.58,804
1750993200,16.28,1011,74,4.37,501
1750996800,15.73,1012,83,4.09,804
1751000400,16.28,1012,87,5.07,804
1751004000,16.84,1012,87,4.97,804
1751007600,17.39,1010,89,6.24,804
1751011200,18.5,1010,90,6.68,804
1751014800,19.61,1010,87,7.05,804
1751018400,19.61,1010,89,7.41,804
1751022000,21.28,1010,83,8.39,804
1751025600,21.84,1010,83,7.17,804
1751029200,22.39,1010,80,7.15,802
1751032800,21.84,1011,76,6.48,500
1751036400,21.84,1011,77,5.98,803
1751040000,21.84,1011,73,5.63,803
1751043600,21.28,1012,78,4.93,803
1751047200,19.06,1013,78,4.09,803
1751050800,17.39,1013,85,7.32,500
1751054400,16.84,1013,88,6.62,501
1751058000,16.28,1014,90,4.83,804
1751061600,15.73,1014,91,4.85,804
1751065200,15.73,1015,91,5.88,804
1751068800,14.61,1016,91,6.71,804
1751072400,14.61,1016,91,6.93,803
1751076000,13.5,1016,91,6.55,803
1751079600,13.5,1017,91,6.63,803
1751083200,13.5,1017,91,6.71,803
1751086800,14.06,1016,91,7.02,803
1751090400,15.17,1016,86,8.02,803
1751094000,16.28,1016,80,8.11,801
1751097600,17.39,1016,75,8.13,801
1751101200,18.5,1016,71,8.14,802
1751104800,19.06,1016,65,8.31,802
1751108400,19.61,1016,65,8.49,802
1751112000,20.73,1016,60,8.5,802
1751115600,21.28,1016,57,8.12,802
1751119200,22.39,1016,54,7.89,802
1751122800,21.84,1016,57,7.17,803
1751126400,21.28,1016,61,6.56,803
1751130000,20.73,1016,64,5.55,803
1751133600,20.17,1016,66,3.87,803
1751137200,18.64,1017,69,3,804
1751140800,18.5,1017,75,2.42,804
1751144400,17.95,1016,77,2.17,804
1751148000,17.95,1016,79,2.74,804
1751151600,17.95,1016,80,3.34,804
1751155200,17.95,1016,82,4.41,804
1751158800,17.95,1015,83,5.26,804
1751162400,17.95,1016,86,5.48,804
1751166000,17.95,1016,87,4.86,804
1751169600,18.5,1015,88,5.21,804
1751173200,19.06,1014,87,6.12,804
1751176800,19.61,1014,86,5.97,804
1751180400,20.73,1013,84,6.24,804
1751184000,20.73,1012,84,6.94,804
1751187600,22.95,1012,75,8.85,804
1751191200,24.06,1012,65,7.97,804
1751194800,24.61,1012,58,8.76,804
1751198400,24.61,1012,59,9.2,804
1751202000,24.61,1011,60,9.04,802
1751205600,23.5,1011,62,8.17,803
1751209200,23.5,1010,66,6.54,803
1751212800,24.06,1010,62,6.46,803
1751216400,21.76,1011,60,6.75,803
1751220000,20.64,1011,60,7.36,803
1751223600,19.05,1012,52,7.28,800
1751227200,18.5,1013,59,6.47,800
1751230800,17.39,1013,62,5.75,800
1751234400,16.14,1014,59,5.7,800
1751238000,15.73,1014,64,5.55,800
1751241600,14.68,1014,65,5.37,801
1751245200,13.73,1013,69,5.55,801
1751248800,13.5,1014,74,5.93,800
1751252400,13.5,1014,77,6.02,800
1751256000,13.5,1014,78,6.22,800
1751259600,15.17,1014,73,7.38,800
1751263200,16.28,1013,71,7.52,801
1751266800,17.39,1013,68,7.73,800
1751270400,18.5,1013,65,8.21,800
1751274000,19.61,1013,60,8.77,800
1751277600,20.73,1013,58,9.1,800
1751281200,21.28,1013,58,9.52,801
1751284800,20.73,1013,55,9.93,802
1751288400,20.73,1013,54,10.23,802
1751292000,21.84,1013,49,10.36,802
1751295600,21.28,1014,48,9.59,801
1751299200,21.28,1015,50,8.48,801
1751302800,20.17,1016,53,7.77,801
1751306400,19.17,1016,51,7.24,801
1751310000,17.25,1016,58,6.33,800
1751313600,15.6,1018,60,5.73,800
1751317200,14.61,1018,66,5.17,800
1751320800,13.35,1018,69,4.65,800
1751324400,12.18,1019,73,4.17,800
1751328000,11.84,1019,77,3.94,800
1751331600,10.73,1019,81,3.71,800
1751335200,10.17,1019,83,3.99,800
1751338800,9.61,1020,84,4.05,800
1751342400,10.17,1020,86,4.42,800
1751346000,13.5,1021,80,5.15,800
1751349600,15.17,1020,71,5.74,800
1751353200,17.39,1019,62,6.25,800
1751356800,18.5,1018,56,6.62,800
1751360400,20.17,1018,53,6.98,800
1751364000,21.28,1018,49,7.14,801
1751367600,22.39,1018,47,7.22,802
1751371200,22.95,1017,41,7.06,802
1751374800,24.06,1017,41,6.89,800
1751378400,24.61,1017,40,6.67,800
1751382000,24.06,1017,42,6.29,800
1751385600,23.5,1017,44,5.62,800
1751389200,23.5,1018,45,5.12,800
1751392800,22.43,1018,47,3.58,800
1751396400,19.93,1019,51,3.29,800
1751400000,17.85,1019,57,3.12,800
1751403600,16.84,1019,67,3.17,800
1751407200,15.73,1020,67,3.06,800
1751410800,14.61,1020,71,3.01,800
1751414400,12.95,1020,75,2.84,800
1751418000,11.84,1020,78,2.74,804
1751421600,11.28,1021,78,2.67,803
1751425200,10.73,1021,82,2.39,803
1751428800,11.28,1021,85,1.97,802
1751432400,14.06,1021,82,2.07,802
1751436000,17.39,1021,73,2.38,802
1751439600,20.17,1020,64,2.74,800
1751443200,22.95,1020,54,3.09,800
1751446800,24.06,1019,50,3.15,800
1751450400,25.17,1019,44,3.49,800
1751454000,26.28,1019,41,3.6,800
1751457600,27.95,1019,40,3.62,800
1751461200,28.5,1018,38,4.08,800
1751464800,30.17,1018,36,4.03,800
1751468400,29.06,1018,36,3.8,800
1751472000,28.5,1018,38,2.83,800
1751475600,27.95,1018,40,2.11,800
1751479200,27.19,1018,41,1.68,800
1751482800,25.03,1018,46,0.97,800
1751486400,22.64,1018,54,0.94,800
1751490000,20.17,1018,65,1.45,800
1751493600,19.06,1018,70,1.89,800
1751497200,17.39,1018,74,2.21,800
1751500800,16.28,1018,76,2.36,800
1751504400,15.73,1018,77,2.28,800
1751508000,15.17,1018,79,2.69,800
1751511600,14.61,1018,80,2.86,800
1751515200,16.28,1017,79,2.56,800
1751518800,22.25,1017,65,3.44,800
1751522400,21.84,1017,65,3.89,800
1751526000,25.17,1017,55,4.56,800
1751529600,28.5,1016,43,5.39,800
1751533200,30.73,1016,39,5.97,800
1751536800,31.84,1015,36,6.3,800
1751540400,32.39,1015,33,6.4,800
1751544000,33.5,1015,33,6.44,800
1751547600,34.06,1015,31,6.88,800
1751551200,34.05,1014,27,5.99,800
1751554800,34.06,1014,30,4.69,800
1751558400,32.95,1014,31,3.82,800
1751562000,27.5,1015,44,7.98,800
1751565600,24.23,1016,59,6.36,801
1751569200,22.12,1017,75,7.45,800
1751572800,19.47,1018,82,6.12,803
1751576400,17.38,1019,76,5.48,803
1751580000,15.81,1019,73,4.34,803
1751583600,14.56,1020,73,3.95,803
1751587200,14.07,1020,75,4.16,803
1751590800,12.73,1021,76,3.42,804
1751594400,11.88,1021,78,3.17,802
1751598000,11.65,1021,80,3.21,802
1751601600,14.61,1022,80,3.45,802
1751605200,15.73,1023,77,3.87,802
1751608800,17.39,1021,71,3.78,801
1751612400,19.06,1022,65,3.61,800
1751616000,19.61,1022,58,3.6,801
1751619600,21.84,1021,53,3.31,802
1751623200,22.39,1021,49,3.33,803
1751626800,22.95,1021,46,3.82,803
1751630400,22.95,1020,44,4.44,803
1751634000,22.95,1020,46,4.25,804
1751637600,24.4,1020,37,4.63,804
1751641200,24.06,1019,41,5.25,803
1751644800,22.95,1019,43,5.22,803
1751648400,22.95,1019,44,5.57,803
1751652000,19.75,1020,47,5.9,804
1751655600,20.17,1021,52,4.55,804
1751659200,17.95,1022,48,3.77,804
1751662800,16.28,1022,55,2.63,803
1751666400,14.61,1023,61,2.31,803
1751670000,12.95,1023,67,2.43,802
1751673600,11.84,1022,71,2.22,802
1751677200,10.73,1023,74,2.03,800
1751680800,9.61,1023,75,2.06,800
1751684400,9.06,1023,80,2.06,800
1751688000,9.61,1023,81,1.95,801
1751691600,11.84,1023,80,2.17,801
1751695200,15.17,1022,69,2.71,801
1751698800,17.95,1021,60,3.31,802
1751702400,20.17,1021,52,3.66,801
1751706000,21.84,1020,47,4.13,801
1751709600,22.95,1020,44,4.34,801
1751713200,24.06,1019,42,4.46,801
1751716800,25.17,1018,39,4.49,801
1751720400,25.17,1018,39,4.21,802
1751724000,25.17,1017,39,4.32,803
1751727600,25.17,1016,39,4.22,803
1751731200,25.17,1016,39,3.81,803
1751734800,24.41,1015,37,2.55,803
1751738400,22.02,1015,38,2.91,803
1751742000,20.79,1015,41,3.41,802
1751745600,19.75,1015,43,3.83,803
1751749200,19.73,1015,46,4,803
1751752800,19.53,1014,47,4.27,804
1751756400,19,1014,47,5.08,804
1751760000,17.76,1014,52,4.59,803
1751763600,17.56,1014,54,4.3,800
1751767200,17.45,1013,56,3.92,802
1751770800,18.25,1013,58,4.46,803
1751774400,19.43,1013,58,4.58,802
1751778000,21.44,1012,53,5.36,802
1751781600,23.22,1011,49,5.84,803
1751785200,24.99,1011,48,5.81,804
1751788800,25.2,1010,43,5.6,804
1751792400,27.95,1010,40,5.33,804
1751796000,27.54,1010,37,5.56,804
1751799600,28.95,1009,34,5.83,804
1751803200,29.56,1009,34,5.88,804
1751806800,30.12,1009,35,6.48,804
1751810400,29.56,1009,33,5.24,803
1751814000,30.17,1008,34,4.73,803
1751817600,29.06,1008,38,5.05,803
1751821200,26.28,1007,49,5.81,803
1751824800,25.17,1007,53,3.16,803
1751828400,22.63,1008,63,2.87,803
1751832000,21.54,1008,62,4.76,803
1751835600,21.17,1008,59,2.48,803
1751839200,20.03,1007,60,3.4,804
1751842800,20.73,1007,58,3.69,804
1751846400,20.17,1006,58,3.84,804
1751850000,19.61,1006,60,3.9,801
1751853600,19.06,1005,61,3.93,801
1751857200,18.5,1005,62,4.11,802
1751860800,19.06,1004,63,4.69,803
1751864400,20.17,1003,62,5.4,803
1751868000,23.5,1003,56,6.28,803
1751871600,25.17,1003,53,6.37,804
1751875200,25.17,1003,53,5.92,500
1751878800,24.61,1003,55,4.79,804
1751882400,28.09,1002,56,4.86,804
1751886000,26.84,1002,51,4.7,804
1751889600,28.5,1002,48,6.83,804
1751893200,29.61,1001,46,7.39,804
1751896800,29.61,1001,47,5.79,804
1751900400,27.95,1000,51,5.17,500
1751904000,25.17,1001,73,6.32,804
1751907600,24.06,1001,76,4.36,804
1751911200,22.05,1001,69,3.97,804
1751914800,20.96,1001,81,2.59,804
1751918400,19.52,1001,77,1.37,500
1751922000,18.35,1001,84,2.14,501
1751925600,20.17,1002,88,1.93,500
1751929200,19.06,1002,88,2.09,804
1751932800,18.5,1002,87,2.65,804
1751936400,17.39,1002,87,2.05,804
1751940000,17.39,1002,88,2.4,804
1751943600,16.84,1003,88,2.16,804
1751947200,16.84,1003,90,2.39,804
1751950800,17.39,1004,90,2.38,804
1751954400,19.06,1005,88,3.01,804
1751958000,20.73,1005,81,3.01,803
1751961600,21.84,1005,76,3.06,803
1751965200,23.5,1005,67,3.15,804
1751968800,23.5,1005,64,2.87,803
1751972400,24.61,1005,58,2.84,803
1751976000,25.73,1005,56,2.65,803
1751979600,23.94,1006,52,2.02,804
1751983200,23.87,1005,51,1.86,804
1751986800,23.22,1005,52,2.17,804
1751990400,22.09,1005,54,1.5,804
1751994000,21.64,1006,55,1.87,804
1751997600,20.42,1006,60,1.38,804
1752001200,19.38,1006,68,1.39,804
1752004800,18.55,1006,73,2.55,804
1752008400,20.17,1005,76,3.17,804
1752012000,20.17,1005,76,3.09,804
1752015600,19.61,1005,79,3.32,804
1752019200,19.06,1005,82,2.73,804
1752022800,18.5,1004,84,2.43,500
1752026400,17.95,1004,90,2.78,501
1752030000,17.39,1004,91,4.41,501
1752033600,17.39,1003,92,4.49,500
1752037200,16.84,1003,92,4.59,501
1752040800,16.28,1003,93,5.33,502
1752044400,16.84,1004,94,5.99,501
1752048000,17.39,1004,94,6.04,804
1752051600,18.5,1004,92,6.53,804
1752055200,18.5,1005,89,6.12,804
1752058800,15.92,1005,92,6.04,804
1752062400,18.5,1006,85,6.12,804
1752066000,17.95,1006,90,6.64,804
1752069600,17.39,1006,90,6.96,804
1752073200,17.39,1007,90,7.01,804
1752076800,17.39,1008,91,6.06,804
1752080400,17.39,1008,89,6.1,804
1752084000,17.39,1008,88,6.18,804
1752087600,16.84,1009,87,5.39,804
1752091200,16.84,1009,88,4.53,804
1752094800,16.28,1008,89,4.07,804
1752098400,16.28,1008,89,4.52,804
1752102000,16.28,1008,90,5.2,804
1752105600,15.73,1008,91,5.05,804
1752109200,15.73,1008,91,3.79,804
1752112800,15.73,1008,92,4.35,804
1752116400,15.73,1008,92,4.93,804
1752120000,15.73,1007,92,5.38,804
1752123600,15.73,1007,92,6.57,804
1752127200,16.28,1007,90,6.12,804
1752130800,16.84,1007,88,6.71,804
1752134400,16.84,1006,85,7.24,804
1752138000,17.39,1006,82,6.01,804
1752141600,16.28,1006,90,5.58,804
1752145200,15.73,1007,92,5.77,500
1752148800,15.73,1007,93,6.08,804
1752152400,15.73,1007,92,6.83,804
1752156000,15.73,1007,92,5.52,500
1752159600,15.73,1007,93,5.56,804
1752163200,15.73,1006,92,5.16,804
1752166800,15.17,1005,92,5.01,500
1752170400,14.61,1005,93,4.9,500
1752174000,14.06,1006,93,5.19,804
1752177600,14.06,1006,93,5.31,804
1752181200,13.5,1005,93,5.51,804
1752184800,13.5,1005,93,5.28,804
1752188400,13.5,1004,93,4.88,804
1752192000,14.06,1005,94,4.55,804
1752195600,14.06,1004,94,4.43,804
1752199200,13.5,1004,93,4.32,804
1752202800,13.5,1004,94,4.35,804
1752206400,13.5,1004,94,4.64,804
1752210000,14.06,1004,94,4.38,804
1752213600,14.61,1004,94,4.59,804
1752217200,15.17,1005,94,4.87,804
1752220800,15.17,1005,93,5.01,804
1752224400,14.61,1006,93,4.5,804
1752228000,14.61,1006,93,4.57,804
1752231600,15.17,1007,93,4.96,804
1752235200,15.57,1008,88,5.49,804
1752238800,16.28,1009,90,5.16,804
1752242400,15.73,1008,91,5.07,804
1752246000,16.28,1009,91,5.3,804
1752249600,15.73,1009,91,5.14,804
1752253200,14.91,1009,89,4.91,804
1752256800,14.71,1010,89,4.71,804
1752260400,16.28,1011,89,2.96,804
1752264000,15.73,1011,88,3.09,804
1752267600,15.73,1011,88,3.31,804
1752271200,14.61,1011,88,3.55,803
1752274800,14.61,1011,88,3.98,804
1752278400,14.06,1012,88,4.74,804
1752282000,14.06,1012,88,4.41,804
1752285600,14.06,1013,88,4.02,804
1752289200,13.5,1013,89,3.71,804
1752292800,14.06,1013,90,3.84,803
1752296400,15.17,1014,88,4.15,803
1752300000,16.84,1014,83,4.65,802
1752303600,18.5,1014,77,5.44,800
1752307200,20.17,1014,69,5.32,800
1752310800,21.84,1015,62,5.92,801
1752314400,22.95,1015,59,6.79,800
1752318000,24.06,1014,54,6.45,801
1752321600,24.61,1015,51,6.19,802
1752325200,24.61,1015,53,5.57,804
1752328800,21.68,1015,69,4.42,804
1752332400,21.09,1015,70,2.63,803
1752336000,20.39,1015,63,3.43,803
1752339600,20.08,1015,67,1.61,803
1752343200,19.2,1016,73,2.29,803
1752346800,17.85,1016,80,2.66,803
1752350400,18.5,1016,70,2.61,804
1752354000,16.44,1016,83,3.37,804
1752357600,15.77,1016,84,3.16,803
1752361200,16.84,1016,80,3.3,803
1752364800,15.17,1017,82,3.3,802
1752368400,14.61,1017,85,3.24,803
1752372000,14.61,1016,86,3.03,803
1752375600,14.61,1016,86,2.95,804
1752379200,15.17,1017,86,2.83,803
1752382800,16.84,1017,85,3.7,803
1752386400,18.5,1017,80,4.06,803
1752390000,21.28,1017,72,3.96,801
1752393600,23.5,1017,67,3.68,801
1752397200,25.17,1017,58,3.3,801
1752400800,26.28,1017,54,3.16,802
1752404400,26.84,1016,50,3.23,802
1752408000,26.84,1016,50,3.49,802
1752411600,26.84,1016,50,3.09,803
1752415200,26.84,1015,50,2.29,803
1752418800,24.99,1015,50,2.73,803
1752422400,26.28,1015,50,3.52,803
1752426000,25.17,1014,53,3.6,803
1752429600,21.94,1014,64,3.71,803
1752433200,20.81,1015,66,3.19,804
1752436800,19.36,1015,84,3.27,804
1752440400,17.66,1015,92,3.36,804
1752444000,18,1015,95,2.28,804
1752447600,17.54,1015,89,2.37,804
1752451200,16.41,1015,89,3,804
1752454800,15.95,1014,89,2.63,804
1752458400,15.51,1015,94,2.18,803
1752462000,15.97,1014,89,1.85,803
1752465600,18.5,1015,79,1.83,803
1752469200,18.5,1014,80,2.23,803
1752472800,20.17,1014,77,2.61,803
1752476400,21.84,1014,74,2.02,800
1752480000,23.5,1014,70,2.2,800
1752483600,25.17,1014,62,2.44,800
1752487200,26.28,1013,59,2.86,800
1752490800,26.84,1013,56,2.94,802
1752494400,27.95,1013,55,3.38,500
1752498000,27.95,1012,55,3.16,804
1752501600,24.61,1012,45,3.19,804
1752505200,23.5,1012,63,4.66,500
1752508800,24.59,1013,72,5.75,500
1752512400,19.06,1013,87,4.07,803
1752516000,19.06,1012,89,3.57,803
1752519600,18.5,1013,90,2.35,804
1752523200,17.39,1013,90,1.35,804
1752526800,16.84,1014,90,0.37,804
1752530400,15.73,1014,91,2.46,804
1752534000,15.73,1014,91,2.91,803
1752537600,15.17,1014,91,2.82,803
1752541200,14.61,1013,91,3.08,801
1752544800,14.06,1013,92,3.02,801
1752548400,14.06,1013,92,2.87,801
1752552000,14.61,1013,93,2.47,801
1752555600,16.28,1012,94,3.14,802
1752559200,18.5,1012,94,3.07,804
1752562800,20.17,1013,92,3.44,804
1752566400,21.84,1012,86,3.47,804
1752570000,23.5,1012,77,3.75,803
1752573600,24.06,1011,68,4.29,803
1752577200,24.61,1011,65,4.52,802
1752580800,25.17,1010,63,5.2,802
1752584400,25.73,1011,60,6.32,803
1752588000,25.17,1010,59,4.94,804
1752591600,25.17,1010,58,5.06,803
1752595200,24.61,1010,52,3.53,803
1752598800,24.61,1009,56,2.29,803
1752602400,22.95,1009,64,2.1,803
1752606000,20.58,1009,70,2.64,800
1752609600,20.17,1009,73,2.35,800
1752613200,19.06,1010,78,2.57,800
1752616800,17.95,1010,82,2.35,800
1752620400,16.84,1010,84,2.61,801
1752624000,16.28,1010,86,2.09,802
1752627600,16.28,1009,88,2.25,804
1752631200,16.28,1008,89,2.25,804
1752634800,16.28,1008,90,2.62,804
1752638400,16.84,1008,91,3.35,502
1752642000,17.39,1007,92,3.58,500
1752645600,18.5,1007,91,2.88,804
1752649200,19.06,1008,87,3.41,804
1752652800,20.17,1008,85,3.74,804
1752656400,21.28,1007,80,4.04,500
1752660000,21.28,1007,81,4.45,804
1752663600,21.28,1007,79,4.51,804
1752667200,21.28,1007,80,5.28,804
1752670800,21.84,1007,72,5.7,802
1752674400,21.28,1007,76,5.85,803
1752678000,21.28,1007,73,5.75,803
1752681600,19.61,1007,79,5.85,803
1752685200,19.61,1008,79,4.92,803
1752688800,19.06,1008,76,4.37,803
1752692400,17.29,1008,84,3.61,801
1752696000,16.28,1008,83,2.62,800
1752699600,15.17,1009,86,2.91,800
1752703200,14.61,1008,86,2.96,800
1752706800,13.5,1009,87,2.68,800
1752710400,13.5,1008,88,2.76,800
1752714000,12.95,1009,89,2.66,800
1752717600,12.39,1009,89,2.93,800
1752721200,12.39,1009,90,2.89,800
1752724800,12.39,1009,91,2.67,800
1752728400,14.06,1010,91,3.16,801
1752732000,15.73,1010,87,3.26,802
1752735600,17.95,1010,75,4.06,804
1752739200,19.61,1010,70,4.38,804
1752742800,21.28,1010,64,3.92,804
1752746400,21.84,1010,62,3.72,803
1752750000,22.95,1010,58,3.45,803
1752753600,24.61,1010,55,3.36,803
1752757200,24.06,1010,53,2.32,803
1752760800,25.17,1010,50,2.15,803
1752764400,23.5,1010,52,1.7,803
1752768000,22.95,1010,54,1.27,803
1752771600,22.95,1011,56,0.95,803
1752775200,21.19,1011,60,1.72,803
1752778800,20.88,1011,62,2.11,800
1752782400,17.61,1012,68,2.1,802
1752786000,17.39,1012,78,2.46,802
1752789600,16.28,1013,82,1.53,802
1752793200,15.17,1012,83,2.07,802
1752796800,14.61,1012,83,1.78,801
1752800400,14.06,1011,85,0.88,802
1752804000,13.5,1012,88,0.57,803
1752807600,12.95,1013,87,1.4,803
1752811200,12.95,1014,89,1.72,803
1752814800,14.06,1013,91,1.92,803
1752818400,16.28,1012,91,2.47,803
1752822000,17.95,1012,87,3.37,804
1752825600,20.73,1011,72,3.22,804
1752829200,21.84,1011,65,3.97,804
1752832800,22.39,1011,65,3.97,804
1752836400,22.95,1011,65,4.99,804
1752840000,23.5,1011,64,4.37,804
1752843600,22.95,1010,65,4.27,804
1752847200,22.95,1010,67,3.51,804
1752850800,22.95,1010,67,4.07,804
1752854400,22.11,1010,73,3.17,500
1752858000,21.18,1009,81,2.82,500
1752861600,20.58,1009,86,2.9,500
1752865200,19.06,1009,87,1.76,500
1752868800,19.06,1008,89,2.06,804
1752872400,18.5,1008,90,2.4,500
1752876000,17.95,1008,91,2.38,500
1752879600,17.95,1008,92,1.95,804
1752883200,18.5,1008,93,2.01,804
1752886800,18.5,1007,93,2.36,804
1752890400,18.5,1007,93,1.83,804
1752894000,17.95,1007,93,1.76,804
1752897600,18.5,1007,93,1.89,804
1752901200,18.5,1007,93,2.18,804
1752904800,19.06,1008,92,2.41,804
1752908400,19.61,1007,89,3.1,803
1752912000,20.73,1008,86,3.18,804
1752915600,19.88,1008,77,2.78,804
1752919200,22.95,1007,77,2.72,803
1752922800,22.95,1007,77,2.7,803
1752926400,22.95,1007,74,1.96,803
1752930000,24.61,1006,69,1.26,804
1752933600,25.15,1007,60,0.26,804
1752937200,25.16,1006,62,0.88,804
1752940800,23.58,1006,63,0.34,804
1752944400,22.1,1006,70,0.57,804
1752948000,20.91,1006,77,1.3,804
1752951600,20,1006,86,1.61,804
1752955200,19.3,1006,87,1.79,804
1752958800,18.85,1006,89,0.7,804
1752962400,19.61,1006,84,1.27,804
1752966000,18.5,1005,86,2.12,804
1752969600,17.95,1005,87,2.45,804
1752973200,17.39,1005,89,1.69,804
1752976800,17.39,1004,90,1.64,804
1752980400,17.39,1004,92,1.37,804
1752984000,17.95,1004,92,1.6,804
1752987600,18.5,1004,93,1.82,804
1752991200,19.06,1004,93,1.98,502
1752994800,18.47,1004,94,2.49,804
1752998400,19.08,1004,88,2.61,804
1753002000,20.17,1004,91,3.33,804
1753005600,22.39,1004,81,3.65,804
1753009200,22.11,1004,67,3.88,804
1753012800,22.95,1004,79,3.6,804
1753016400,23.5,1004,73,4.13,803
1753020000,24.61,1004,65,3.6,803
1753023600,25.17,1004,62,3.01,803
1753027200,25.17,1004,61,1.97,803
1753030800,25.17,1004,62,1.64,802
1753034400,22.17,1005,69,2.03,802
1753038000,20.57,1005,77,1.34,800
1753041600,19.84,1006,76,0.65,800
1753045200,19.06,1006,83,1.71,800
1753048800,19.06,1006,84,2.09,800
1753052400,17.95,1006,85,2.3,800
1753056000,16.84,1006,87,2.09,801
1753059600,16.28,1006,88,2.06,800
1753063200,15.73,1007,89,2.15,800
1753066800,15.73,1007,90,2.08,800
1753070400,15.17,1007,91,2.01,800
1753074000,17.39,1007,93,2.09,800
1753077600,19.61,1006,90,2.19,800
1753081200,22.39,1007,77,2.31,800
1753084800,23.5,1006,73,2.37,800
1753088400,25.17,1006,66,2.43,800
1753092000,26.28,1006,63,2.69,801
1753095600,26.84,1006,61,3.06,801
1753099200,26.84,1006,57,2.82,802
1753102800,27.95,1005,56,2.04,801
1753106400,28.5,1005,51,1.24,802
1753110000,27.95,1005,56,1.85,803
1753113600,27.95,1005,52,1.92,803
1753117200,26.69,1005,54,1.44,803
1753120800,25.75,1006,59,1.75,803
1753124400,24.61,1006,67,2.16,803
1753128000,23.5,1006,74,2.13,803
1753131600,22.39,1006,77,2.37,804
1753135200,21.84,1006,80,2.63,804
1753138800,20.73,1005,82,2.81,804
1753142400,20.17,1005,84,2.7,804
1753146000,20.17,1005,85,2.84,801
1753149600,19.61,1004,86,2.87,803
1753153200,19.06,1004,87,2.67,803
1753156800,19.06,1004,88,2.62,803
1753160400,20.73,1004,85,2.98,803
1753164000,22.39,1004,81,3.34,802
1753167600,24.61,1004,73,3.81,804
1753171200,25.73,1004,72,3.7,803
1753174800,24.18,1004,76,3.9,500
1753178400,23.53,1004,84,4.33,500
1753182000,20.73,1004,93,5.94,500
1753185600,20.73,1004,94,6.44,803
1753189200,19.61,1005,92,7.59,804
1753192800,18.5,1006,93,7.79,804
1753196400,24.11,1006,83,6.38,804
1753200000,24.78,1006,79,4.69,804
1753203600,20.73,1006,89,4.03,804
